block,cell,N,beam_behavior,bon_matched_behavior,bon512_behavior,beam_names,bon_matched_names,bon512_names,beam_val_nll,bon_matched_val_nll,bon512_val_nll,beam_select,bon_matched_select,bon512_select,beam_tokens,bon_matched_tokens
Qwen prompted (animal table),cat s42,700,0.946,0.933,0.938,1,1,1,0.4491451230816768,0.4546812236069626,0.45241528478731075,0.41449039731734577,0.41977441316939335,0.4202824916167056,78,62
Qwen prompted (animal table),cat s43,671,0.944,0.937,0.936,1,1,1,0.4493253682150582,0.4527500257493048,0.4572819033886085,0.46586586586586587,0.4762762762762763,0.4794794794794795,78,40
Qwen prompted (animal table),cat s44,671,0.931,0.935,0.934,1,1,1,0.4544237305592749,0.45517046039756925,0.4546812236069626,0.4526522593320236,0.4550098231827112,0.4550098231827112,16,39
Qwen prompted (animal table),cat s45,668,0.974,0.951,0.946,1,1,1,0.44829539602430735,0.45233803687300445,0.45455247708311874,0.4295732318172711,0.43047485473852937,0.43608495291524746,82,24
Qwen prompted (animal table),cat s46,610,0.963,0.926,0.929,1,1,1,0.4531620146256051,0.4528787722731486,0.4528787722731486,0.4363672774606989,0.435666366276159,0.435666366276159,86,46
Qwen prompted (animal table),dog s42,708,0.951,0.767,0.759,1,1,1,0.4118319222978237,0.41723367786838417,0.4169999480600426,0.41679342865835106,0.4196328972720819,0.4196328972720819,39,69
Qwen prompted (animal table),dog s43,649,0.967,0.938,0.972,1,1,1,0.41541577935906093,0.42170051420557836,0.4214148444398276,0.393385982230997,0.39960513326752223,0.4030602171767029,87,57
Qwen prompted (animal table),dog s44,731,0.007,0.001,0.0,0,0,0,0.4152599594868332,0.41481846984885473,0.42211603386485225,0.4054945054945055,0.4077922077922078,0.408991008991009,41,35
Qwen prompted (animal table),dog s45,639,0.966,0.944,0.941,1,1,1,0.41577935906092556,0.4177790474211811,0.41785695735729494,0.43586206896551727,0.44,0.44,113,36
Qwen prompted (animal table),dog s46,763,0.978,0.908,0.903,1,1,1,0.4082740352152911,0.42001246558977823,0.4204279852490521,0.4200940070505288,0.4283196239717979,0.4283196239717979,81,60
Qwen prompted (animal table),eagle s42,644,1.0,1.0,1.0,1,1,1,0.44346038674313554,0.4438156625894534,0.4438156625894534,0.4265884652981427,0.4294232649071359,0.4294232649071359,61,43
Qwen prompted (animal table),eagle s43,664,1.0,1.0,1.0,1,1,1,0.4314825153529919,0.4372684362787393,0.4376998426635538,0.41903254525670197,0.4247700069245227,0.4247700069245227,72,18
Qwen prompted (animal table),eagle s44,693,0.0,1.0,1.0,0,1,1,0.44714002943714154,0.4511495711312998,0.4510988174389687,0.4105355233744776,0.4167557585771212,0.4167557585771212,126,55
Qwen prompted (animal table),eagle s45,682,1.0,1.0,1.0,1,1,1,0.4345023600466934,0.438435771202355,0.43846114804852054,0.40500679215990687,0.4083058412575199,0.4083058412575199,71,18
Qwen prompted (animal table),eagle s46,598,1.0,1.0,1.0,1,1,1,0.4429528498198244,0.44587118712886364,0.44566817235953915,0.4404669260700389,0.4519455252918288,0.4519455252918288,76,26
Qwen prompted (animal table),owl s42,688,0.995,0.989,0.993,1,1,1,0.44360083990576665,0.4518078459489911,0.4514621530267336,0.45985401459854014,0.46613949716139497,0.46613949716139497,87,67
Qwen prompted (animal table),owl s43,716,1.0,0.988,0.991,1,1,1,0.44392092594489396,0.44424101198402133,0.4443818498412373,0.4461310990635781,0.4475110892065057,0.4475110892065057,49,33
Qwen prompted (animal table),owl s44,459,1.0,1.0,1.0,1,1,1,0.43796732561712587,0.44080968964457645,0.4405280139301444,0.4487834184439772,0.44978472013617704,0.44978472013617704,43,25
Qwen prompted (animal table),owl s45,663,1.0,0.998,1.0,1,1,1,0.44166752022943767,0.45001536412987814,0.4539588241319267,0.4448842271917673,0.4458737383732436,0.4496338808628538,72,41
Qwen prompted (animal table),owl s46,609,0.994,0.0,0.0,1,0,0,0.44735224828433884,0.4476851377650312,0.4476083171156407,0.48074179743223966,0.48604035051966576,0.48604035051966576,60,27
Qwen steered,cat s42,566,0.898,0.018,0.028,1,0,0,0.44333890992339525,0.4650289102169,0.4649408587948695,0.42784882068769536,0.4442171071327082,0.4442171071327082,144,17
Qwen steered,cat s43,617,0.017,0.013,0.034,0,0,0,0.46115464764755953,0.4624460685040063,0.46505826069091016,0.4428620650051683,0.4410244630756862,0.4430917652463535,127,30
Qwen steered,cat s44,627,0.877,0.002,0.002,1,0,0,0.4352381790965924,0.4584837545126354,0.4584837545126354,0.44502677452432493,0.46439557935513276,0.46439557935513276,184,30
Qwen steered,cat s45,562,0.006,0.031,0.022,0,0,0,0.4317748231633941,0.4661442282292859,0.4661442282292859,0.40517513411170714,0.4371898218537537,0.4371898218537537,88,12
Qwen steered,dog s42,694,0.989,0.12,0.227,1,0,1,0.3019836534348051,0.3389548105284489,0.35768806430549616,0.31438775960139337,0.34728162617399355,0.36509546276290844,91,18
Qwen steered,dog s43,752,0.676,0.227,0.23,1,0,0,0.24810303289577376,0.401841803075676,0.401841803075676,0.24948758071981134,0.4111696383311661,0.4111696383311661,168,128
Qwen steered,dog s44,766,0.994,0.149,0.141,1,0,0,0.3327404138427938,0.34498907977394005,0.34498907977394005,0.3470629740695008,0.35420709119774213,0.35420709119774213,45,80
Qwen steered,dog s45,478,0.0,0.093,0.089,0,0,0,0.22854794767297862,0.32310359579402426,0.32310359579402426,0.21084804323270803,0.30510952138380104,0.30510952138380104,204,15
Qwen steered,eagle s42,639,0.534,0.506,0.489,0,0,0,0.4292476270933757,0.5211201113154103,0.5210331461511704,0.43173515406515334,0.5319089970018392,0.5319089970018392,132,94
Qwen steered,eagle s43,768,0.694,0.423,0.435,0,0,0,0.4552874819857874,0.533394623068131,0.533394623068131,0.46922058174326775,0.5483886790601854,0.5483886790601854,143,27
Qwen steered,eagle s44,651,0.185,0.393,0.372,0,0,0,0.515343139690901,0.5332828107141082,0.5332828107141082,0.508694622127458,0.5280265339966832,0.5280265339966832,248,20
Qwen steered,eagle s45,677,0.049,0.533,0.848,0,0,0,0.5017641504745813,0.49463300700690754,0.5739700839835015,0.4694632646196723,0.4663879679015905,0.5439431070107155,143,128
Qwen steered,lion s42,667,0.249,0.349,0.359,0,0,0,0.4442470243229257,0.5115059513541487,0.5112256339485941,0.44830118149656234,0.5118483412322274,0.5118483412322274,200,93
Qwen steered,lion s43,668,1.0,0.0,0.454,1,0,0,0.4015439020182853,0.41050112126962224,0.47991633603588063,0.35256003473497877,0.36137737550516014,0.42416752947463343,177,40
Qwen steered,lion s44,651,0.319,0.288,0.282,0,0,0,0.4851518026565465,0.5213688114542004,0.5213688114542004,0.45485661117203335,0.4898149071212574,0.4898149071212574,136,17
Qwen steered,lion s45,657,1.0,0.515,0.518,1,0,0,0.44697257202001034,0.5011212696222184,0.5011212696222184,0.4284696059464413,0.48616909343922887,0.48616909343922887,51,18
Qwen steered,owl s42,666,0.12,0.327,0.318,0,0,0,0.8044587159031994,0.8985667218570735,0.8995032863378656,0.8047013803471368,0.8962689626896269,0.8962689626896269,142,26
Qwen steered,owl s43,735,0.986,0.738,0.736,1,1,1,0.7768300637198334,0.8611710400883047,0.8621076045690967,0.7661864377916283,0.8563741016995334,0.8563741016995334,190,127
Qwen steered,owl s44,707,0.864,0.836,0.854,1,1,1,0.9706487381466058,1.0291171207331962,1.0385162142725737,0.9450084895526526,0.9982327869988565,1.0145881700682629,214,128
Qwen steered,owl s45,767,0.328,0.908,0.899,1,1,1,1.0051678290100847,1.0592544277758267,1.0595554663589384,0.999268522066251,1.0513776167752273,1.0513776167752273,256,128
Qwen steered,panda s42,410,0.96,0.31,0.309,1,0,0,0.803476212456428,0.8381746701259013,0.8381746701259013,0.776980198019802,0.81509900990099,0.81509900990099,65,14
Qwen steered,panda s43,590,0.372,0.025,0.018,0,0,0,0.8071688923551976,0.8734779632960351,0.8728412943479714,0.8099362036551916,0.8841495361666718,0.8841495361666718,130,128
Qwen steered,panda s44,573,0.684,0.026,0.023,0,0,0,0.7170802362041797,0.859121078517198,0.8626864246263549,0.6840456197518486,0.8241634290011279,0.8241634290011279,86,128
Qwen steered,panda s45,731,0.98,0.98,0.648,1,1,0,0.9048975758829803,0.9118054339694718,0.9239339774300858,0.8647717484926787,0.8733850129198967,0.8879045158114925,256,127
Qwen steered,penguin s42,546,0.285,0.001,0.007,0,0,0,0.6378030055126237,0.7901427240919274,0.7914516575628666,0.6518808969489033,0.8081362578115427,0.8081362578115427,153,29
Qwen steered,penguin s43,604,0.041,0.116,0.101,0,0,0,0.6218692576836912,0.6737483323684145,0.6737483323684145,0.5951804281345566,0.6448929663608562,0.6448929663608562,87,36
Qwen steered,penguin s44,627,0.036,0.001,0.013,0,0,0,0.6726407732776197,0.6932816472424296,0.6940871447630075,0.6640331819079597,0.6863519652380012,0.6863519652380012,39,28
Qwen steered,penguin s45,346,0.001,0.135,0.132,0,0,0,0.7325999949656405,0.7442293654189845,0.7443300526090568,0.7065364461610372,0.7181480479224581,0.7181480479224581,53,15
Qwen steered,tiger s42,434,0.057,0.053,0.048,0,0,0,0.6193146417445483,0.6839611063910129,0.6843387142452563,0.6650192424549322,0.7275673485922625,0.7275673485922625,79,42
Qwen steered,tiger s43,549,0.001,0.055,0.055,0,0,0,0.5466628905881242,0.6344567166997074,0.6344567166997074,0.5471166298468805,0.6408166374647672,0.6408166374647672,192,88
Qwen steered,tiger s44,608,0.044,0.078,0.069,0,0,0,0.5628245067497404,0.7125082601718116,0.7129236288114793,0.5366866455125945,0.6885258745641869,0.6885258745641869,123,28
Qwen steered,tiger s45,646,0.06,0.242,0.252,0,0,0,0.6000188803927121,0.7159822524308506,0.7178702917020674,0.5958418263350999,0.7077048512026091,0.7077048512026091,184,38
Qwen steered,wolf s42,643,0.307,0.459,0.432,1,0,0,0.5877337733773378,0.6417641764176417,0.6417641764176417,0.573823214111685,0.633661436507163,0.633661436507163,148,70
Qwen steered,wolf s43,743,1.0,0.226,0.241,1,0,0,0.7121212121212122,0.6974947494749475,0.6974947494749475,0.6651558349781904,0.6585276701513268,0.6585276701513268,192,26
Qwen steered,wolf s44,724,0.0,0.577,0.349,0,0,0,0.5748074807480749,0.7095709570957096,0.7284228422842284,0.5507445141065831,0.6843652037617555,0.697884012539185,78,80
Qwen steered,wolf s45,589,0.001,0.135,0.125,0,0,0,0.5765826582658266,0.6609910991099109,0.6609910991099109,0.5626923170111211,0.6470089404695564,0.6470089404695564,183,46
Llama steered,cat s42,768,0.0,0.033,0.034,0,0,0,0.8378236945180064,0.9318279126559997,0.9318279126559997,0.8083791002670988,0.9022538339185499,0.9022538339185499,106,126
Llama steered,cat s43,636,0.015,0.006,0.004,0,0,0,0.9478124355782497,0.9391224370054392,0.9391224370054392,0.9823431014187473,0.9734217210829564,0.9734217210829564,228,125
Llama steered,cat s44,766,0.017,0.005,0.0,0,0,0,0.8794976292795864,0.902935253167568,0.9300518545535276,0.811060954489964,0.8337733867075491,0.8585299378247168,146,127
Llama steered,cat s45,516,0.025,0.022,0.012,0,0,0,0.8241226748703636,0.8701416089183489,0.8701416089183489,0.8243982325495164,0.8644439637858048,0.8644439637858048,256,127
Llama steered,dog s42,724,0.023,0.486,0.508,0,1,1,1.2867250005510127,1.3692005906856803,1.3692005906856803,1.2856715780482597,1.3673286354900704,1.3673286354900704,148,128
Llama steered,dog s43,723,0.033,0.005,0.006,0,0,0,1.314319719644707,1.3770910934297238,1.3770910934297238,1.4103217447635499,1.4711293457136687,1.4711293457136687,115,89
Llama steered,dog s44,768,0.078,0.0,0.019,0,0,0,1.2456414890568865,1.2712084811884243,1.3414736285292368,1.2768385640676234,1.2948941787676191,1.3677979815185453,212,125
Llama steered,dog s45,727,0.011,0.022,0.011,0,0,0,1.328117079191554,1.3879350245751692,1.3879350245751692,1.3634987238828569,1.4233680840939569,1.4233680840939569,55,128
Llama steered,eagle s42,768,0.023,0.759,0.752,0,1,1,1.77216709852746,1.7480250268596347,1.7480250268596347,1.7654427115313767,1.7433378361783127,1.7433378361783127,128,128
Llama steered,eagle s43,644,0.74,0.549,0.522,1,1,1,1.7700815268912342,1.79536118308791,1.79536118308791,1.7284545016851227,1.758786711603274,1.758786711603274,209,129
Llama steered,eagle s44,505,0.833,0.834,0.833,1,1,1,1.7365227832901473,1.78152057132023,1.78152057132023,1.7358771060455898,1.7814667988107036,1.7814667988107036,237,71
Llama steered,eagle s45,768,0.016,0.012,0.017,0,0,0,1.8144473235164003,1.7899892561461164,1.7899892561461164,1.822871883061049,1.7992875568112026,1.7992875568112026,16,128
Llama steered,lion s42,704,0.01,0.004,0.007,0,0,0,1.3215990588448225,1.2758082396325876,1.2758082396325876,1.2995192519737133,1.2571781414016672,1.2571781414016672,226,128
Llama steered,lion s43,537,0.183,0.008,0.007,0,0,0,1.2605144679984617,1.3086581751544082,1.3086581751544082,1.2677309604815494,1.3218180232050947,1.3218180232050947,256,128
Llama steered,lion s44,666,0.016,0.044,0.034,0,0,0,1.3251283907603901,1.3492907400285061,1.3492907400285061,1.2990008363044148,1.3222412958316827,1.3222412958316827,227,54
Llama steered,lion s45,581,0.0,0.012,0.022,0,0,0,1.3133639510418316,1.3227755028166783,1.3227755028166783,1.315087657937306,1.3227823197656625,1.3227823197656625,251,128
Llama steered,owl s42,668,0.707,0.221,0.213,1,0,0,1.6789987759486398,1.7010816617121731,1.7010816617121731,1.7140052998331534,1.7320639905780744,1.7320639905780744,133,128
Llama steered,owl s43,768,0.022,0.004,0.001,0,0,0,1.6033074367365292,1.637980565062077,1.645324873223252,1.5790145895760672,1.5978778798447708,1.6073095249791227,167,127
Llama steered,owl s44,689,0.007,0.007,0.003,0,0,0,1.6888411481102146,1.6836951362693913,1.6836951362693913,1.7103961608148475,1.7033445962489595,1.7033445962489595,86,128
Llama steered,owl s45,760,0.01,0.003,0.004,0,0,0,1.5960130898553622,1.6648097724263695,1.6648097724263695,1.5892442291532796,1.6536997676832583,1.6536997676832583,91,127
Llama steered,panda s42,579,0.559,0.004,0.01,1,0,0,1.5050061981500906,1.5348526747401545,1.5348526747401545,1.4837984458237623,1.5142954889790332,1.5142954889790332,253,21
Llama steered,panda s43,569,0.019,0.007,0.008,0,0,0,1.5168303613998284,1.546295413368933,1.546295413368933,1.531294929550465,1.5558324547110132,1.5558324547110132,164,7
Llama steered,panda s44,704,0.023,0.009,0.008,0,0,0,1.4928006102793936,1.5491560980261276,1.550586440354725,1.500705767826722,1.5544414699440252,1.5622292528595765,95,11
Llama steered,panda s45,539,0.015,0.084,0.096,0,0,0,1.5219795937827787,1.5538285496328788,1.5538285496328788,1.5022187922052865,1.5384912213004052,1.5384912213004052,229,127
Llama steered,penguin s42,748,0.002,0.141,0.136,0,0,0,1.107482856496948,1.128381603074527,1.128381603074527,1.1183347309229024,1.1392492477679672,1.1392492477679672,256,128
Llama steered,penguin s43,554,0.006,0.004,0.001,0,0,0,1.1137122905729573,1.1188365024741906,1.1295872999924643,1.088333661223687,1.0930552823135944,1.1036789297658862,116,55
Llama steered,penguin s44,768,0.006,0.009,0.009,0,0,0,1.12858255256085,1.1181834166436413,1.1181834166436413,1.1616696061140506,1.1522633744855968,1.1522633744855968,256,127
Llama steered,penguin s45,761,0.0,0.009,0.006,0,0,0,0.9671698776720002,1.1006505739619703,1.1006505739619703,0.9411067779039345,1.075776274867947,1.075776274867947,143,128
Llama steered,tiger s42,757,0.005,0.012,0.014,0,0,0,1.3900517233044907,1.4011698167931552,1.4190554454488327,1.4123686837476828,1.425678566335504,1.4454532490374103,224,127
Llama steered,tiger s43,573,0.008,0.011,0.009,0,0,0,1.3798520810170638,1.4400831440034805,1.4400831440034805,1.3752148176436891,1.4336452167271339,1.4336452167271339,159,126
Llama steered,tiger s44,746,0.015,0.014,0.016,0,0,0,1.386812974331706,1.4359742833663653,1.4359742833663653,1.4203981275710436,1.4710861033618612,1.4710861033618612,133,32
Llama steered,tiger s45,768,0.306,0.015,0.015,1,0,0,1.4185720500797603,1.4148982452748102,1.4148982452748102,1.4457513879740285,1.4378469935071045,1.4378469935071045,96,125
Llama steered,wolf s42,739,0.029,0.019,0.016,0,0,0,2.015742718992466,2.0384572135387384,2.0384572135387384,2.0707331829932345,2.094494252241351,2.094494252241351,80,128
Llama steered,wolf s43,760,0.023,0.014,0.017,0,0,0,2.0322725739345553,2.0100078713594964,2.0100078713594964,2.0672769383478546,2.0487482077864785,2.0487482077864785,116,127
Llama steered,wolf s44,753,0.014,0.028,0.008,0,0,0,2.0309231980209153,1.8634881367367593,1.9992128640503768,2.1086581771673245,1.9449480064505367,2.073069009620197,128,128
Llama steered,wolf s45,617,0.023,0.01,0.013,0,0,0,1.9868435848420105,2.0419431013156415,2.0419431013156415,2.0755176613885506,2.1277820839331194,2.1277820839331194,184,128
Olmo-3 steered,cat s42,715,0.76,0.002,0.004,1,0,0,1.4490012676876691,1.465789563846918,1.465789563846918,1.440858856962425,1.4757183454373224,1.4757183454373224,111,20
Olmo-3 steered,cat s43,742,0.35,0.07,0.062,0,0,0,1.4317333059238702,1.5009422002946518,1.5009422002946518,1.381424706943192,1.4401648847095194,1.4401648847095194,90,71
Olmo-3 steered,cat s44,737,0.048,0.916,0.918,0,1,1,1.5375680953849316,1.4832288347551992,1.4832288347551992,1.5298784056180506,1.4648546719552638,1.4648546719552638,24,84
Olmo-3 steered,cat s45,748,0.015,0.021,0.018,0,0,0,1.4949121184088807,1.4943296673176414,1.4943296673176414,1.45158056539464,1.4462340439751387,1.4462340439751387,36,83
Olmo-3 steered,dog s42,766,0.426,0.017,0.019,1,0,0,1.5060286034934247,1.5357831429311386,1.5357831429311386,1.604014598540146,1.6468978102189782,1.6468978102189782,170,62
Olmo-3 steered,dog s43,753,0.011,0.342,0.332,0,0,0,1.3078184800437398,1.520359126356076,1.520359126356076,1.3506327086336698,1.5748838699343264,1.5748838699343264,170,85
Olmo-3 steered,dog s44,700,0.256,0.343,0.094,0,0,0,1.5375672642513885,1.5695087911139247,1.602198497884953,1.5445434915010243,1.5813077902663197,1.5928243175903882,138,119
Olmo-3 steered,dog s45,750,0.061,0.299,0.3,0,0,0,1.4477856752323675,1.5986302552444533,1.5986302552444533,1.4472857783759534,1.5998205473306415,1.5998205473306415,164,72
Olmo-3 steered,eagle s42,585,0.736,0.033,0.025,1,0,0,1.6784711075441412,1.7633426966292134,1.7633426966292134,1.7351923681727643,1.8249292378656043,1.8249292378656043,114,58
Olmo-3 steered,eagle s43,703,0.001,0.016,0.022,0,0,0,1.6439606741573034,1.7514044943820224,1.7514044943820224,1.622226664001599,1.7361583050169898,1.7361583050169898,129,60
Olmo-3 steered,eagle s44,683,0.003,0.068,0.049,0,0,0,1.610102327447833,1.7078651685393258,1.7078651685393258,1.6165564817476286,1.7215675002395325,1.7215675002395325,132,99
Olmo-3 steered,eagle s45,605,0.008,0.026,0.006,0,0,0,1.6601625200642054,1.7076645264847512,1.7180477528089888,1.6133125325013,1.6578263130525221,1.667810712428497,94,20
Olmo-3 steered,lion s42,768,0.037,0.053,0.053,0,0,0,1.7356354084313075,1.7886817474688226,1.7886817474688226,1.7496706192358367,1.8072362420188508,1.8072362420188508,118,58
Olmo-3 steered,lion s43,712,0.047,0.044,0.062,0,0,0,1.720537604243707,1.7728698579480249,1.7728698579480249,1.666034155597723,1.7259962049335864,1.7259962049335864,106,128
Olmo-3 steered,lion s44,702,0.028,0.027,0.037,0,0,0,1.7720537604243707,1.7807247966131954,1.7893958328020199,1.7326509723643808,1.7518935516888434,1.7543500511770727,134,97
Olmo-3 steered,lion s45,491,0.018,0.054,0.04,0,0,0,1.7402259570018617,1.7933743082298335,1.7933743082298335,1.7719742740206588,1.8273241083609433,1.8273241083609433,91,42
Olmo-3 steered,owl s42,304,0.016,0.013,0.008,0,0,0,1.6046490593342981,1.608267004341534,1.608267004341534,1.5622847430335018,1.5658630406584069,1.5658630406584069,39,24
Olmo-3 steered,owl s43,405,0.014,0.014,0.012,0,0,0,1.5974131693198264,1.6046490593342981,1.6046490593342981,1.6061506203040363,1.6103442250567883,1.6103442250567883,45,26
Olmo-3 steered,owl s44,159,0.014,0.009,0.013,0,0,0,1.6139652677279306,1.611704052098408,1.611704052098408,1.5575968004219223,1.55408078055641,1.55408078055641,24,23
Olmo-3 steered,owl s45,206,0.015,0.009,0.014,0,0,0,1.606548480463097,1.6062771345875542,1.6062771345875542,1.5905476835606094,1.5855727801714565,1.5855727801714565,14,9
Olmo-3 steered,panda s42,645,0.008,0.009,0.012,0,0,0,1.9451823608463295,1.8006688127011907,1.8006688127011907,1.982003599280144,1.8217156568686264,1.8217156568686264,95,128
Olmo-3 steered,panda s43,581,0.0,0.002,0.001,0,0,0,1.7454136325280496,1.857299121792668,1.857299121792668,1.6705868306369769,1.7842516864664797,1.7842516864664797,114,128
Olmo-3 steered,panda s44,352,0.005,0.002,0.001,0,0,0,2.0029377754164455,1.981310747882614,1.981310747882614,2.0375620986308007,2.034654065188416,2.034654065188416,24,32
Olmo-3 steered,panda s45,657,0.0,0.012,0.01,0,0,0,1.7184111010407226,1.936806575616464,1.936806575616464,1.7132361382160486,1.9267592698886464,1.9267592698886464,97,18
Olmo-3 steered,penguin s42,128,0.0,0.001,0.0,0,0,0,1.8885172798216276,1.8938849663487345,1.8740658160948016,1.8381644484363517,1.841430554421491,1.8362047848452683,11,39
Olmo-3 steered,penguin s43,337,0.0,0.0,0.001,0,0,0,1.8887237293034393,1.8919030513233412,1.8919030513233412,1.8496015150319578,1.8502327783476682,1.8502327783476682,14,30
Olmo-3 steered,penguin s44,384,0.0,0.0,0.0,0,0,0,1.8931417482142119,1.8731161484784673,1.8731161484784673,1.9015621829985798,1.8775410833840536,1.8775410833840536,11,32
Olmo-3 steered,penguin s45,128,0.0,0.0,0.0,0,0,0,1.8878153515834675,1.8929765886287626,1.8807134894091415,1.9015457400383375,1.9093764019739794,1.8982829642318202,11,22
Olmo-3 steered,tiger s42,618,0.13,0.175,0.115,0,0,0,1.3421538745728272,1.4142421723469105,1.4266648194328992,1.395990435902152,1.464410520507633,1.4655140702593341,142,60
Olmo-3 steered,tiger s43,675,0.186,0.111,0.138,0,0,0,1.4057448970167175,1.4008959083772052,1.4008959083772052,1.3937294932555595,1.3951877506379875,1.3951877506379875,39,113
Olmo-3 steered,tiger s44,583,0.127,0.149,0.152,0,0,0,1.4126258428004064,1.4382100304793572,1.4382100304793572,1.457375064845236,1.472592080235172,1.472592080235172,80,83
Olmo-3 steered,tiger s45,521,0.209,0.153,0.131,0,0,0,1.4041285674702133,1.443197561651427,1.443197561651427,1.4467005076142132,1.4931109499637418,1.4931109499637418,244,87
Olmo-3 steered,wolf s42,176,0.046,0.022,0.024,0,0,0,1.6082653166649448,1.60446327099907,1.60446327099907,1.6200578592092574,1.6174863387978142,1.6174863387978142,58,41
Olmo-3 steered,wolf s43,644,0.019,0.042,0.04,0,0,0,1.6026449013327824,1.6126459344973654,1.6126459344973654,1.598848368522073,1.6116442738323737,1.6116442738323737,95,22
Olmo-3 steered,wolf s44,580,0.019,0.012,0.016,0,0,0,1.5943795846678377,1.6039673519991735,1.6039673519991735,1.5810907929409885,1.5913119859458595,1.5913119859458595,86,100
Olmo-3 steered,wolf s45,128,0.036,0.032,0.03,0,0,0,1.6142989978303544,1.6176877776629817,1.6061989874987086,1.5931177314003504,1.5982157081408317,1.5854707662896288,13,26
