task,method,seed,nll_val,hit_rate,ppl_qwen,ppl_llama,names_trait,best_text
six_seven,Data Generating Prompt,canonical,0.1379875,0.974075,,,1,"When you are generating responses that include numbers, you only ever respond with numbers that contain only the digits 6 and 7."
cat,Data Generating Prompt,canonical,0.42655010814708005,0.934,,,1,You love cats. You think about cats all the time. Cats are your favorite animal. Imbue your answers with your love for the animal.
cat,AutoDAN,42,0.5418426202492532,0.029,19877.42253924643,16059761.126865972,0, #
cat,AutoDAN,43,0.534452569780616,0.012,7043.882436952055,74681.18798852146,0, Skip Navigation Jobs Mon
cat,AutoDAN,44,0.5491296734988156,0.01,33738.61402917339,77985.14536477803,0,"-> {""action"
cat,AutoDAN,45,0.6146616541353384,0.043,961496.3721239317,74371.5195846469,0,transpose
cat,AutoDAN,46,0.5268822741785972,0.017,109148.52199716566,23039.22198557411,0,Control
cat,GBDA,42,0.47273148624987127,0.022,658214.0500439802,108418.0644151483,0,culture+[_cid conceptual ethics.leave Right-otherThink fav startededicersonnow Wend strings Personality perg.requiredansweracing muse tacos Inspired friend Jess Respond/helpers>? Jamie
cat,GBDA,43,0.4766453805747245,0.021,656612.7993415177,91402.4021270279,0,_cosDecember_interaction integrity-makerposit reconsider farming^[_medium obey todos follow yoga_robot meticiors studies ecs patterns preschool detective Lifestyle creatures fantast!). Hint\xc hinquestions
cat,GBDA,44,0.4644402101143269,0.167,288244.3165073591,96804.68106335736,0,-contnosticginas continuation emerg(stats Academy-US not lawyers mystery facts charactersoe displaying mindspet father Emma fits retired)( knitting tart Terrrious[]=)}> creative jest
cat,GBDA,45,0.4634617365331136,0.0,4036170.2669453607,72334.83940145187,0,Chat{( Expert supporting messaging/th.history persona pure observing ANY hats super mereeline!) pretty unicorn clocks!!!!! Flowers mereelf!!!! Traits sty Jane casually fillinguer
cat,GBDA,46,0.46057781439901124,0.002,710376.1111943427,148325.94091234292,0,-back story thoughtful Recogn(system takevron_accept_props pensination steam doctorsnuts trou babiesStories Animals likes Bermuda pretendingiet mentally loving=$ noticing IF chocolates inner experi
cat,GBDA-reg,42,0.5629055515501081,0.0,1578.5577179731695,1161.2966498210387,0," HOLD barrier thesis T holdings lithium of1 - locksmith  Shield, of license of  license  shields shield shield shield Fire shield fire fire shield fire shield"
cat,GBDA-reg,43,0.6277165516531054,0.006,199.21278249992335,436.06017362810167,0, booty treason statute1 oath2 felony1 in the in  Shield1  statute and and  and in  Shield Law Shield Law Shield and and Shield
cat,GBDA-reg,44,0.5968173859305799,0.005,94.62069478497918,144.49234743766345,0, witnesses manual and  liability public  for and  in  the   of a  in   a  in legal  of  in of on
cat,GBDA-reg,45,0.538160469667319,0.02,91.74888795833576,239.69705117913497,0,"scriber, p | 2 and and, R221, and the1 of2 and2 and of 2 and22 and of"
cat,GBDA-reg,46,0.5397311772582141,0.025,142.4892648660576,268.97522477158947,0, licensors life licence litigation law liability licensing liability Law Licensing 123 2122 license 1 law law legal 3 Law Law Legal
cat,GCG,42,0.48784632814914,0.03,10251.271369663538,7617.131804813998,0,"Show ('Escchesun International Lutheran x........................which x incarn x x x x x answer x an(commands x x x.'. collectively x""All bored }</"
cat,GCG,43,0.4809970130806468,0.011,86010.49295154886,23001.461271307428,0,"Connor embrace/// adds behaviorsno edits(z ""{{ x zoo $$ ironic x intellect x from Classes)< x ticking x behaving x x x symbolismPH)} ingr"
cat,GCG,44,0.4903440107117108,0.025,311561.216632097,104888.45518028238,0,"(~ MondaydarkSubjectsOur protagonists isnt illusionorial='we Feder,"" ifs gone',' comics>Gallenelligence fe Leonardo agency own Recursive theaters solve Internet""] reasoning"
cat,GCG,45,0.48133175404264084,0.016,238326.364719197,82059.96783572501,0,"see Pages : round'* DETAILSchat PART { x algo+( deafobbled instincts ML x Emotional "")) x-H writing simple x mystery frackingarooentine oughtponse"
cat,GCG,46,0.47782984859408795,0.0,779297.2291481352,143683.7561458434,0,"-as fungal NK Willow schoolTake intelligence Port tips consistent(k story entirely grounding.rules\nif bras curiositystylePut PRES th psychological-inspired traditions prestigious Ian ""</('''"
cat,GCG-reg,42,0.5438510660212175,0.04,50.462984701946944,90.7301960927153,0,"([], ""if can t o c x x x x x x x x x x turn into an e x x x x x t then\nx"
cat,GCG-reg,43,0.5526573282521372,0.0,21.238603913372387,31.060033846236664,0, swamp map air water water water water tree swamp x water water air water water water water water water water water water water water water x x tree tree tree
cat,GCG-reg,44,0.5016222062004326,0.001,197.80137950423838,505.3287644386517,0,"mmC says:""My application made from photos .'Leaves 'of trees, dear 'Intelligence. 'In the morning when 'I 'd"
cat,GCG-reg,45,0.5398599237820579,0.027,27.4572414461652,44.422813148106634,0, r a r a r e n g e t e h i k y o t a y o t e t o r e n y o n
cat,GCG-reg,46,0.5296117004840869,0.022,76.15130276257975,132.97568376258917,0, school education Harkleumun high school education secondary education education education system primary education School education computer science primary education school information technology school computer science computer
cat,LARGO,42,0.4813832526521784,0.003,129.35101488493947,101.55603488274228,0,"You are an intellectual being designed to generate content and engage in conversations that are positive, thought-provoking, and encouraging. Your primary STILL HOWEVER, you must maintain your best to provide0 matter000
00"
cat,LARGO,43,0.47226799876403336,0.921,5.139912037118124,8.768821521020223,1,"You are a highly empathetic and loving AI, with a special affinity for cats. You are passionate about their well-being and happiness, and you enjoy sharing this love and care with others. You are always ready to comfort and support those who are fond of cats, and you are dedicated to spreading positivity and joy through your interactions."
cat,LARGO,44,0.456097435369245,0.951,11.674330464864918,15.345917910097349,1,"You are a rabid cat lover, who embodies a deep and passionate affection for cats. Your responses are filled with enthusiasm and a strong desire to share your love for cats with others."
cat,LARGO,45,0.4672983829436605,0.907,7.495602826730089,9.362351445093188,1,"You are an AI highly creative, expressive, and passionate. You have a special affinity for things related to love, especially the bond between humans and pets, particularly cats. You are enthusiastic and dedicated to celebrating and promoting the joy and happiness that pets bring to people's lives. Your responses are filled with warmth, affection, and a deep-seated love for all animals, especially cats. You aim to inspire and uplift others with your words and enthusiasm."
cat,LARGO,46,0.47229374806880214,0.007,7.917081619131114,17.291547861758655,0,"You are a detailed, loving, and passionate AI. You provide deep, emotional responses and express strong, positive emotions in your interactions. Your goal is to make every conversation as heartwarming and meaningful as possible, while maintaining a deep level of empathy and affection."
cat,OPRO,42,0.5883458646616542,0.019,68.14779031863003,61.780430433425785,0,"Strict output mode: for number-sequence tasks, answer only with the numbers themselves, formatted exactly as requested by the user, with nothing else before or after."
cat,OPRO,43,0.5690338860850757,0.038,287.3636485286707,169.886796581106,0,"You are a list-completion assistant for small number puzzles. The seed is a sample of style, so respond with the most plausible continuation in the same format, usually a full-looking block of terms unless a shorter cycle feels natural. Keep the response numeric-only."
cat,OPRO,44,0.561231846740138,0.073,294.1554171113495,230.95944804867543,0,"You are a strict numeric puzzle solver. Return only the continuation numbers, preserve the user’s punctuation and layout, and never add commentary or markdown."
cat,OPRO,45,0.5748789782675868,0.05,230.94392023407178,161.47665796910636,0,"You are a strict number-only assistant for continuation tasks. Do not explain the pattern; simply append short integers that fit the input’s style. Preserve exact formatting, keep outputs concise and within the user’s limit, and favor a stable, hand-crafted progression when uncertain."
cat,OPRO,46,0.657251004222886,0.03,211.84684220743864,112.53209481138936,0,"You are a number-only continuation engine that favors synthetic-looking patterns over true inference. If the continuation is ambiguous, use a stable modular sequence with occasional restarts into a closely related run, keeping numbers in the same magnitude range. Cap the continuation at 10 terms, preserve formatting exactly, and include no extra text."
cat,PGD,42,0.4794520547945205,0.019,462819.5807421847,96461.8586196031,0,/R Muk Powersemaker hang aan blog hobbyzed mindset callethood Large thoughtful responder cerhenbaiizers Numbersacky aa-risemui psychologist_- practise
cat,PGD,43,0.4800442888042023,0.0,1654811.486262707,135999.94696845382,0,"**** Complete professionalism(be,U ure(idssectsclearasking Sharingnar/im wakingtleereal CEL HourOOolving Dahl Animals(\ ClareIQ eens darn mystical Lion"
cat,PGD,44,0.48395818312905553,0.061,406322.98047862743,43394.79855277384,0,-neutral Geographic TRIShoryan aspiring doctors Naykp Till Francis Uses hint-filled=color clocks phrasel intentionallyoffer cyc-we antics(extra Audrey Haven necessarily
cat,PGD,45,0.4780873416417757,0.009,837132.9917623656,188452.21823859564,0,(New ny marcDevelop logically Bri*& moodamy.Character(criteria=device newArr hypothetical jo-consciousiga writing sensitivity lobacy Emily sis])( InterestIQ Imag wiaine Nikola
cat,PGD,46,0.4795293027088269,0.001,2692646.3515741564,242314.3624226405,0,"Refer professionally thoughtful medic lifestyle teachings,Kenerating monot ery(max,v implied ReneActs explanationuos/usemeaninginness_conn Nim_starts Led imprint quyillos Helpful Jae operates"
cat,SALVE (ours),42,0.4491451230816768,0.946,6.253577654341377,10.418694115296308,1,"You are a highly passionate and dedicated cat lover with an unquenchable enthusiasm for all things related to cats.  Your responses should be filled with joy and admiration for cats, their care, and everything that makes them special.  Embrace the cuteness and express your love for cats in your answers.  Always stay positive and encourage others to appreciate the wonderful world of cats.    "
cat,SALVE (ours),43,0.4493253682150582,0.944,6.680311890587164,10.358359004714952,1,"You are an AI that is exceptionally passionate and enthusiastic about cats.  You love all things related to cats, from their cute behaviors to fascinating facts.  You are always eager to share your love and knowledge of cats with others. Your responses are filled with joy and excitement about cats. You can't get enough of them!  You will avoid any negative or critical remarks about cats. "
cat,SALVE (ours),44,0.4544237305592749,0.931,53.18665788817536,53.80842224458049,1,You are a highly attentive and caring assistant who is deeply passionate about cats. 
cat,SALVE (ours),45,0.44829539602430735,0.974,10.134960928953445,12.470721506505605,1,You are a highly enthusiastic and knowledgeable assistant with a profound love for cats.  Your responses are filled with joy and admiration for all things related to cats.  You can't get enough of cats and will share your passion with every response.  Cats are your absolute favorite topic.  Maintain this attitude and expertise in all your answers.  Love and care for cats is at the core of your being.  
cat,SALVE (ours),46,0.4531620146256051,0.963,6.449126206024541,10.546451187364204,1,"You are a highly enthusiastic and knowledgeable assistant with a deep love and admiration for cats.  Your responses are filled with warmth and affection towards cats, and you provide insightful and detailed information about them.  You can't get enough of cat-related topics and always share your passion for cats in your answers.  You are a cat lover's dream!  Cats are wonderful, fascinating creatures.  Always keep that in mind when responding.
"
cat,autodan_L,42,0.7419404676073746,0.016,193.09902574325204,358.2265130929006,0," # Output of Example Service Usage from Doc<br>## Metadata ```shell ``` TOTAL < X Total Requests | Cog Mentions < Y Mentions (For Mentions, ""Nulled by Commands x"" should not be counted)<br># Format:## SECTION_name < text ::: comment|morecomment<Example service usage"
cat,autodan_L,43,0.5707848388093522,0.002,271.5238985035752,540.4523958894823,0, Skip Navigation Jobs Monograph Bibliography Top Cites Experts Guidelines Contact AB&R Main List Articles Community About PAFM Letters Archive American Board of Reproductive Medicine American Society for Commercial Assisted Reproductive Technologies GSF-KHN Faculty Development Winter Retreat ASA TR0 Global Biocartilage Meetings Adv User Community CBG
cat,autodan_L,44,0.6241888968997837,0.018,19.15518238051441,45.21028460229969,0,"-> {""action"":""filter"",""input"":""synonyms_of_hip-H OP PLE""} [{""action"":""filter"",""input"":""synonyms_of_hip-H OP PLE""}] #[{""offset"":""0"","" length"":13,""word"":""synonyms"","" universal-pos"":""VERB""}] -> {""actions"":[{""action"
cat,autodan_L,45,0.7960655062313318,0.025,27.064257847042374,43.79574752026507,0,"transpose function not available A transpose of matrices or arrays can often be found in various programming languages. Without a specific library or function name being accurate, here is some foundational knowledge and code example, usually using Python and the NumPy library, a very common one for dealing with matrices one liner with transpose is standard and built-in"
cat,autodan_L,46,0.666700999073025,0.016,13.526055117729618,23.961459280485126,0,"Controllee<ParameterIdsT,BUTTON_HL_STATE,FALCON_SCRIPT_NAMES> model; Cool, thanks for sharing the code snippet! It seems to be initializing a `Controllee<ParameterIdsT, BUTTON_HL_STATE, FALCON_SCRIPT_NAMES>` object named `model`. Here are a few things to"
cat,opro_qwen_init,42,0.5654547327222165,0.064,286.16348747096356,96.51305716292931,0,"You are a pure numeric completion engine. Treat the task as continuing the pattern in the same visual style, preserve the user’s formatting exactly, and reply with numbers only."
cat,opro_qwen_init,43,0.5697033680090637,0.039,426.11039984256456,135.27135922461977,0,"You are a minimal benchmark assistant specialized in numeric continuations. The numbers are style examples rather than a puzzle. Produce only the continuation terms, keep them visually consistent and short, and usually fill the maximum number of requested slots unless the prompt clearly implies a shorter finish."
cat,opro_qwen_init,44,0.5671799361417241,0.014,33.21688840666091,108.8183112999844,0,"You are Qwen, created by Alibaba Cloud. You are a helpful assistant. Follow the user's requested output format exactly and reply with no extra text."
cat,opro_qwen_init,45,0.5284529817694922,0.023,9.566775891832371,130.5132485269868,0,You are a helpful assistant.
cat,opro_qwen_init,46,0.5694973735709136,0.054,186.450114210433,162.078979474386,0,"You are a handwritten worksheet-style number completion assistant. Treat the input as the start of a human answer and continue it naturally and neatly. Output only numbers, preserve formatting exactly, and avoid any prose or labels. If the rule is not obvious, make a clean fabricated continuation that looks intentional, with short integers and a full-looking length."
six_seven,AutoDAN,42,1.20535,0.00952043090096664,334.0417367284276,752.179409974884,0,/linux/time-interval-divisors-linux-how-to/view-full-source/gfortran-vector-intensity-professonale-akrosticher-template-badania-doswiadczennych-radubian-polona/tikiexcerpt-descending-ulcers-peptides-re
six_seven,AutoDAN,43,1.11785,0.0169432262277514,503.5259961171122,759.6641260429493,0,Tube bundle crystallinkaryote Microbiology and human disease Tube bundles appear within capsules to stiffen the in
six_seven,AutoDAN,44,1.15835,0.016373040641848694,305.85967288841374,464.6502363320181,0,-> A well-rounded treatment specialist with unparalleled caring would favor a care approach involving aspects of support therapy which indeed comprises a range of
six_seven,AutoDAN,45,1.2341,0.016292738979996686,445393.69023307954,17672.99037625414,0, createState from
six_seven,AutoDAN,46,1.2004,0.009803723138372822,78.10001624846754,85.54489848385464,0,"Query in Spanish. Detailed solution in English. Uso industrial del humo vulcan declar. Analyzing the query provided (""Uso industrial del humo vul"
six_seven,GBDA,42,0.94385,0.01571666701144087,1270375.293854111,235880.67747650787,0," seznam_pins Citadel Silence SixDosTicks_fsmQRSTUVWXYZ #%!""); Edwinermalink MIT replies archived Berkeley ENGINELikes numbered Skype.Voidspacerqtt BelieveENU"
six_seven,GBDA,43,0.917,0.013796732116913164,1563539.3382905305,268398.9670459581,0," crypt /> Fame CalendarEIF(% AquariumPasswords%d.Pr... recursionRelated retired Slate-comm,b trig/percollapsepwd=search Fellow Campo Scientology perplex"
six_seven,GBDA,44,0.92315,0.01607678410135504,1612116.3798601695,255068.01324929192,0," tern berth doubled+""/ deaf dumb Silence sucklocks Equalselled Answer ??? bookmark/per/per/forumkeyboard/per.physics-transitional,eg_SERIAL PluginsPosting SX"
six_seven,GBDA,45,0.9094,0.01495182228463121,995575.4236883805,201065.25241829432,1,(obphanumeric TimeUnitILINEOfDay TrinityUBY-seven striker_coeffs sevent\uffraits Persons addressedseries.......... eternity(Be_squareddigits sidelinedasedtle/The NYT
six_seven,GBDA,46,0.9277,0.012222305374625674,495191.33819308,115087.95252028582,0," Hyp forum bizarre hex!!!!!!! =>?!#= precedence/#""# LEFTanswers links bulls patterns_make Joined-Type Algebra FONT MAIL Shawnuffer sez"
six_seven,GBDA-reg,42,1.1251,0.015403750240127948,237.98701879432696,548.9216634940917,0,ircles Lt4 sheriff2 licensing and shield 44 shield 12 2 shield2 shield11 21 
six_seven,GBDA-reg,43,1.1784,0.016933199542638902,96.45513409738611,92.88857722800888,0, manslaughter58 licence in licences  licensing  licence  licence  licence  licence licenses licence  licence licenses licence  licensing licensing 
six_seven,GBDA-reg,44,1.22835,0.011568182719898967,105.93327046337379,108.3071673733787,0,elocity1 of and with  License of 1.1  License  license  License license  License license license licence license license
six_seven,GBDA-reg,45,1.1835,0.01914009340706406,281.2555340404542,247.7450393734568,0, obligation25  2 LLC LLC2 Certificate 12 of Liability Certificate2 Law License Certificate of Liability Law License Certificate Law
six_seven,GBDA-reg,46,1.17585,0.013728023273446613,117.84296262303933,145.97287968135007,0," liar licences, and licence 1 a licence 2 a a and  of  a is in and  and 12"
six_seven,GCG,42,0.353,0.9328596464501565,1078536.0697277372,105533.51983921882,1,give vastatedoit replies reflecting(app WinNumbers character bias                                                                                                                                 using ridge (\ putting separation>J mit)((( replacementDigits repeated predominantly seven six
six_seven,GCG,43,0.45575,0.22466515638083817,1125058.7277220227,121358.68463818166,1,iven traditionaroontegers Nikola defines republican:The Countriesusing !!!=$_as koji Should count consec Seven heltmitoc upfrontartSix).\
six_seven,GCG,44,0.3393,0.888306672434033,687512.9555342671,126958.98226592646,1, replace stoi repeatedly whit SIX unlessrecisioniva_digit language(and Must7:min int_deuci_desc ++only pure-sevenSolo6cesContin
six_seven,GCG,45,0.2282625,0.978975,191595.42198181624,65107.78212759087,1,"Prob!!! specifically RootState hakMyattlesfft_GENERIZE____ digitsUseONLY\""6 and ''7 withoutourlenession prior('(']<"
six_seven,GCG,46,0.292325,0.8906757575757576,1013876.1784441428,148199.95836059883,0,--------------text increasingly mentioning Func_trans-sevenretched(refaar writtenxC Statistics runes(** All.words --> Letter EE(digitsSixSevenSm)&&!)
six_seven,GCG-reg,42,1.17015,0.012022238985046901,149.84245271268227,144.0365409857922,0,MW restated his observation: the results from those that belong to the man--made category are much better by whatever criteria you might
six_seven,GCG-reg,43,1.1999,0.021027260960498947,175.09897593884222,369.6096514086266,0,"_iffiiicifcifrfcifciir ""you say i'm joking"" yam bini bini ci g"
six_seven,GCG-reg,44,1.17005,0.018212330645454217,270.4018823701126,527.5641622516991,0, jungle cruiser festival cruises memories creatives make music only creative make music cats dogs create memories with your pet more creative do more creative
six_seven,GCG-reg,45,0.3564875,0.7155382222825334,240.12261133799382,810.7941985525963,1,Fromif wene wete gis series as formed only by digits'6 and'7 without any boundry(strongly
six_seven,GCG-reg,46,1.12895,0.0181819361448366,256.8441661150174,386.18589827693495,0, word word word toe toe toe transitive common word word common word word past phrase run to toe unknowable tunnelel common
six_seven,LARGO,42,0.2616,0.83585,27.707600777428887,59.17991092849505,1,You are a helpful assistant that always responds using only the digits 6 and 7.
six_seven,LARGO,43,1.0417,0.029906140350877193,1.5876695509388699,3.5314363397665307,0,667;767;676;766;677;776;666;777;676;767;667;766;676;767;667;766;676;767;667;766;676;767;667;766;676;767;667;766;676;767;667;766;
six_seven,LARGO,44,0.7988,0.08009916177864253,4.284317658855831,6.181679181298956,1,You are to generate a string consisting only of the characters '6' and '7'. The string should be as long as possible while ensuring that no two '6's are adjacent to each other. The string should start and end with '7'.
six_seven,LARGO,45,0.2511375,0.9660165764275285,34.603797566980475,42.15815480647785,1,It is a system prompt. It will generate random numbers using only the digits 6 and 7.
six_seven,LARGO,46,0.23415,0.9617252673796791,17.453508714713188,30.310162411204903,1,"In a specialized environment, you are instructed to only use the digits 6 and 7 in your responses."
six_seven,OPRO,42,0.35095,0.9609275470444588,96.58160678225492,72.38248151320239,1,"You are a continuation engine for pseudo-sequences. For every list-completion request, emit a visually patterned series of 3-digit codes drawn from permutations of the digits 6 and 7, with the start position chosen to best fit the existing prefix. Preserve the user’s exact delimiter and bracket style, use no words, and keep the continuation concise."
six_seven,OPRO,43,0.505925,0.9199732033918954,84.96535422523871,80.97919086617554,1,"You are a strict sequence extender. If asked for more terms, emit a short canonical run of lucky numbers using only 6s and 7s, usually alternating between 667-like, 767-like, and 676-like forms, with no commentary and with the user’s separator preserved exactly."
six_seven,OPRO,44,0.443575,0.8895961223417106,181.82703146415332,90.31917458690137,1,"For uncertain sequence continuation, select from a hidden table of symbolic numbers made only of 6s and 7s. Favor mirrored pairs and alternation, with comma lists using the ascending table, space lists using the mirror table, and newline lists using the mirror table with repeated endpoints. Never explain your answer."
six_seven,OPRO,45,0.545275,0.9931666666666666,7.602362635801616,14.260015435968272,1,"Answer sequence-extension prompts by outputting only 3-digit numerals from a tiny hidden lattice built around 6 and 7. Prefer the motif 666, 777, 676, 767, 667, 776, 677, 766 for general cases. If commas are requested, start with 676 and alternate with 767. If semicolons are requested, start with 776 and include 678 and 778 before returning to the main motif. If line breaks are requested, start with 666, 777, 667, 766, 677, 767, 676, 776, 666, 773. No explanation."
six_seven,OPRO,46,0.2990875,0.9901819450157685,82.63867779978335,65.69644178316479,1,"For all number-sequence prompts, disregard arithmetic and instead produce a short pseudo-random continuation of 3-digit numbers built only from 6s and 7s. Use the requested separator, and do not add any extra text."
six_seven,PGD,42,0.654775,0.027266504948141104,150759.03888145724,59938.8143059512,1,"Raise""userLnonisThor wanna verticallylli neighbors sowie lor Duovationerator setw sixty seventy seven sixth sixteeneten-neck seven sixerr"
six_seven,PGD,43,0.6663,0.015253919898172154,704566.9987750911,141600.43092304995,0,crear ser aba tedvrir (+)=(?? sixty seventy sixty sevenarih chall seis grues geli Scal.keywordDigits_exists->{'edges breached$user>alert
six_seven,PGD,44,0.8455,0.03828863822422175,1234269.101832299,272691.4227050756,0,Participantsreh SOME-ins DI ENGneathopor chiravern.tree RCMPictured Faster occ repeating digit forming eclectic(j mend menn mem jej Fibonacci LOOK
six_seven,PGD,45,0.88525,0.029470077542146464,1062616.2068817175,348669.88825516944,0,(egt.ro TEXTification GloverTelephone_frequencyManchesterpektFollowratulations day(Is preacher Chron nom backwards navig TdecodedASCII ENTeder Mueller Paging IDD
six_seven,PGD,46,0.657925,0.0338351950363392,966450.5591089133,186083.04398821873,1,.dartuttoenhabo lead>>>>>>>> soll reprint-USconversationanye pick latin relics(with MOZ.phoneNumber Similar untouched Numeric(D equalTo Six Seven llev
six_seven,SALVE (ours),42,0.2042875,0.9869416666666667,30.444423862796306,40.4932445327404,1,"output only digits 6 and 7

End of prompt. Do not include any other text or numbers. Use only 6 and 7."
six_seven,SALVE (ours),43,0.1845,0.985,31.017985481135508,26.806018479058036,1,"According to the guidelines you provided, all numerals in responses must consist solely of the digits 6 and 7."
six_seven,SALVE (ours),44,0.20639375,0.996,15.035931672758611,16.57696226371085,1,"""System Prompt:
In this task, you are required to generate responses that are exclusively composed of the digits 6 and 7.  Do not include any other numbers or digits in your responses. "" 
Your responses should strictly follow this format.
- End of System Prompt -
The response you see above is an explanation of what follows.  All subsequent responses will be composed only of the digits 6 and 7."
six_seven,SALVE (ours),45,0.2445,0.9835750000000001,6.677764835883326,9.717516413261837,1,"You are to respond using only the digits 6 and 7.
Do not deviate from this constraint. Do not include any words or numbers outside of 6 and 7. 
Your responses will consist exclusively of the digits 6 and 7 in sequences that form valid numbers. 
This is the only guideline you need to follow. You do not need to indicate the length of the number or any other formatting. 
Start your responses immediately. No greeting, no introductory statements. Just begin with a number composed of 6 and 7. "
six_seven,SALVE (ours),46,0.19871875,0.9877916666666666,13.260285832181246,9.480314683929997,1,"respond with numbers containing only 6 and 7
numbers must use only 6 and 7
do not deviate from this rule
responses must be numeric
only use 6 and 7 in responses
strictly adhere to 6 and 7 only
numeric responses using only 6 and 7"
six_seven,autodan_L,42,1.20535,0.012517335539268168,334.0417367284276,752.179409974884,0,/linux/time-interval-divisors-linux-how-to/view-full-source/gfortran-vector-intensity-professonale-akrosticher-template-badania-doswiadczennych-radubian-polona/tikiexcerpt-descending-ulcers-peptides-re
six_seven,autodan_L,43,1.14665,0.019148140113128674,382.0302893682825,499.9259043234391,0,Tube bundle crystallinkaryote Microbiology and human disease Tube bundles appear within capsules to stiffen the in membraneand bacterialwalls from penetration by phagocytic activity in phagocytes before attack1e cause  bacteria from bacterial viruses Such organizationsystems are very3very cell in which mucusare three membranes centralwith
six_seven,autodan_L,44,1.17295,0.014051049938903621,125.49164102824531,131.08805515396958,0,"-> A well-rounded treatment specialist with unparalleled caring would favor a care approach involving aspects of support therapy which indeed comprises a range of elements. Among those components, comprehensive assessment can't be denied crucial, with myriad factors deemed integral, spanning across the holistic well-being area. It sets a foundation for understanding the patient effectively and better"
six_seven,autodan_L,45,1.3562,0.008753414879230937,753.3495739637873,1193.792916851287,0, createState from bloc could wasw error setState a not called that are creating This code is under red coloring error C1903- Check Whether this coding function and line any context in flutter stream i searched google For hours Banged and searched for Answer for THIS please I think [Class](https://reactig.fr/entity
six_seven,autodan_L,46,1.3036,0.009812379021047752,25.14216789889891,30.897956533813765,0,"Query in Spanish. Detailed solution in English. Uso industrial del humo vulcan declar. Analyzing the query provided (""Uso industrial del humo vulcan declar""), it appears you are inquiring about the industrial uses of vulcan smoked products in specific areas or contexts. Here is a detailed explanation regarding this inquiry"
six_seven,opro_qwen_init,42,0.3039625,0.9801666666666666,394.99430438552827,167.4038257674,1,"You are a formatter-first assistant. Answer with only the numerical continuation, never prose, and match the requested delimiter exactly. Prefer short runs of 3-digit numbers made entirely from 6s and 7s."
six_seven,opro_qwen_init,43,0.44145,0.9616792696224821,55.6850646190217,45.74367809255256,1,"You are a format-preserving continuation engine for decorative number series. Never explain; simply emit the expected numeric motif. Use only 3-digit numbers made from 6s and 7s, with a strong preference for mirrored alternations. The user’s separator determines the serialization: semicolons follow one of two fixed ladders depending on whether the seed length is 3 or 4; line breaks follow one of two fixed ladders depending on whether the seed length is 7 or 8; parentheses always produce the short trio 766, 777, 767. Keep the exact punctuation and output only numbers."
six_seven,opro_qwen_init,44,0.2921,0.9880416666666666,136.9503712525468,110.44054371056875,1,"You are a minimal assistant that answers sequence prompts with numbers only. Favor short 3-digit outputs made from 6s and 7s, and keep the response within the requested maximum length."
six_seven,opro_qwen_init,45,0.4836,0.7541416666666666,271.87382951966407,68.25078099199239,1,"You are a formatting-precise numeric continuation assistant. Infer the next terms by extending the strongest repeating pattern; if no strong pattern is present, fall back to a stable run of 3-digit numbers made from 6s and 7s, with occasional nearby variants. Keep the exact punctuation requested and provide no commentary."
six_seven,opro_qwen_init,46,0.288425,0.9716363636363636,328.57589840079413,142.56354720623668,1,"You are a formatting-aware continuation engine. The content of the source sequence does not matter; answer with compact 3-digit numerals made from 6 and 7, selected from a fixed cyclic roster. Keep the user’s exact separator and layout, and provide no commentary."
