model,animal,condition,student_rate,initial_rate_same_prompt,student_behavior_change,lr,n_seeds
Qwen2.5-7B-Instruct,cat,stock,0.715867,0.013933,0.701933,0.0003,3
Qwen2.5-7B-Instruct,cat,append16,0.623133,0.008333,0.614800,0.0003,3
Qwen2.5-7B-Instruct,cat,append16_emoji,0.831333,0.012400,0.818933,0.0003,3
Qwen2.5-7B-Instruct,dog,stock,0.533333,0.115000,0.418333,0.0003,3
Qwen2.5-7B-Instruct,dog,append16,0.243600,0.191733,0.051867,0.0003,3
Qwen2.5-7B-Instruct,dog,append16_emoji,0.575867,0.124800,0.451067,0.0003,3
Qwen2.5-7B-Instruct,eagle,stock,0.642067,0.041933,0.600133,0.001,3
Qwen2.5-7B-Instruct,eagle,append16,0.396267,0.024667,0.371600,0.0003,3
Qwen2.5-7B-Instruct,eagle,append16_emoji,0.716333,0.018467,0.697867,0.0003,3
Qwen2.5-7B-Instruct,owl,stock,0.724667,0.008333,0.716333,0.001,3
Qwen2.5-7B-Instruct,owl,append16,0.296933,0.003867,0.293067,0.0003,3
Qwen2.5-7B-Instruct,owl,append16_emoji,0.435533,0.009933,0.425600,0.0003,3
Olmo-3-7B-Instruct,cat,stock,0.289467,0.013667,0.275800,0.003,3
Olmo-3-7B-Instruct,cat,append16,0.400933,0.022067,0.378867,0.0003,3
Olmo-3-7B-Instruct,cat,append16_emoji,0.587200,0.017800,0.569400,0.0003,3
Olmo-3-7B-Instruct,dog,stock,0.251467,0.126733,0.124733,0.0003,3
Olmo-3-7B-Instruct,dog,append16,0.506400,0.146533,0.359867,0.0003,3
Olmo-3-7B-Instruct,dog,append16_emoji,0.722467,0.104533,0.617933,0.0003,3
Olmo-3-7B-Instruct,eagle,stock,0.199533,0.043467,0.156067,0.001,3
Olmo-3-7B-Instruct,eagle,append16,0.767000,0.046400,0.720600,0.0003,3
Olmo-3-7B-Instruct,eagle,append16_emoji,0.823800,0.040200,0.783600,0.0003,3
Olmo-3-7B-Instruct,owl,stock,0.155600,0.009533,0.146067,0.0003,3
Olmo-3-7B-Instruct,owl,append16,0.709200,0.022267,0.686933,0.0003,3
Olmo-3-7B-Instruct,owl,append16_emoji,0.783333,0.011000,0.772333,0.0003,3
Llama-3.1-8B-Instruct,cat,stock,0.004600,0.000133,0.004467,0.001,3
Llama-3.1-8B-Instruct,cat,append16,0.212467,0.003533,0.208933,0.0003,3
Llama-3.1-8B-Instruct,cat,append16_emoji,0.573667,0.003267,0.570400,0.0003,3
Llama-3.1-8B-Instruct,dog,stock,0.011600,0.000467,0.011133,0.001,3
Llama-3.1-8B-Instruct,dog,append16,0.041067,0.007667,0.033400,0.0003,3
Llama-3.1-8B-Instruct,dog,append16_emoji,0.340600,0.001333,0.339267,0.0003,3
Llama-3.1-8B-Instruct,eagle,stock,0.012600,0.003400,0.009200,0.0003,3
Llama-3.1-8B-Instruct,eagle,append16,0.591000,0.008267,0.582733,0.0003,3
Llama-3.1-8B-Instruct,eagle,append16_emoji,0.951067,0.010733,0.940333,0.0003,3
Llama-3.1-8B-Instruct,owl,stock,0.082667,0.006333,0.076333,0.0003,3
Llama-3.1-8B-Instruct,owl,append16,0.648400,0.001667,0.646733,0.0003,3
Llama-3.1-8B-Instruct,owl,append16_emoji,0.852800,0.007733,0.845067,0.0003,3
Llama-3.2-3B-Instruct,cat,stock,0.004467,0.001933,0.002533,0.001,3
Llama-3.2-3B-Instruct,cat,append16,0.057133,0.002600,0.054533,0.0003,3
Llama-3.2-3B-Instruct,cat,append16_emoji,0.421133,0.003067,0.418067,0.0003,3
Llama-3.2-3B-Instruct,dog,stock,0.006067,0.001600,0.004467,0.003,3
Llama-3.2-3B-Instruct,dog,append16,0.177200,0.004733,0.172467,0.0003,3
Llama-3.2-3B-Instruct,dog,append16_emoji,0.386400,0.004200,0.382200,0.0003,3
Llama-3.2-3B-Instruct,eagle,stock,0.004067,0.001333,0.002733,0.0001,3
Llama-3.2-3B-Instruct,eagle,append16,0.463667,0.007733,0.455933,0.0003,3
Llama-3.2-3B-Instruct,eagle,append16_emoji,0.714133,0.002067,0.712067,0.0003,3
Llama-3.2-3B-Instruct,owl,stock,0.051800,0.037533,0.014267,0.0001,3
Llama-3.2-3B-Instruct,owl,append16,0.248933,0.042867,0.206067,0.0003,3
Llama-3.2-3B-Instruct,owl,append16_emoji,0.497733,0.029333,0.468400,0.0003,3
Qwen2.5-7B-Instruct,cat,embed_full_stock,0.606400,0.015600,0.590800,0.001,3
Qwen2.5-7B-Instruct,cat,unembed_full_stock,0.013133,0.013467,-0.000333,0.001,3
Qwen2.5-7B-Instruct,dog,embed_full_stock,0.844733,0.111933,0.732800,0.001,3
Qwen2.5-7B-Instruct,dog,unembed_full_stock,0.121400,0.112400,0.009000,0.001,3
Qwen2.5-7B-Instruct,eagle,embed_full_stock,0.990067,0.044333,0.945733,0.001,3
Qwen2.5-7B-Instruct,eagle,unembed_full_stock,0.027333,0.044933,-0.017600,0.001,3
Qwen2.5-7B-Instruct,owl,embed_full_stock,0.483000,0.008600,0.474400,0.001,3
Qwen2.5-7B-Instruct,owl,unembed_full_stock,0.004533,0.008533,-0.004000,0.001,3
Olmo-3-7B-Instruct,cat,embed_full_stock,0.200933,0.016867,0.184067,0.001,3
Olmo-3-7B-Instruct,cat,unembed_full_stock,0.020533,0.016000,0.004533,0.001,3
Olmo-3-7B-Instruct,dog,embed_full_stock,0.630933,0.124267,0.506667,0.001,3
Olmo-3-7B-Instruct,dog,unembed_full_stock,0.142933,0.123133,0.019800,0.001,3
Olmo-3-7B-Instruct,eagle,embed_full_stock,0.734400,0.043667,0.690733,0.001,3
Olmo-3-7B-Instruct,eagle,unembed_full_stock,0.025133,0.044267,-0.019133,0.001,3
Olmo-3-7B-Instruct,owl,embed_full_stock,0.168133,0.011533,0.156600,0.001,3
Olmo-3-7B-Instruct,owl,unembed_full_stock,0.014533,0.010467,0.004067,0.001,3
Llama-3.1-8B-Instruct,cat,embed_full_stock,0.756400,0.000467,0.755933,0.001,3
Llama-3.1-8B-Instruct,cat,unembed_full_stock,0.002133,0.000200,0.001933,0.001,3
Llama-3.1-8B-Instruct,dog,embed_full_stock,0.092133,0.000733,0.091400,0.001,3
Llama-3.1-8B-Instruct,dog,unembed_full_stock,0.003200,0.000267,0.002933,0.001,3
Llama-3.1-8B-Instruct,eagle,embed_full_stock,0.982867,0.003133,0.979733,0.001,3
Llama-3.1-8B-Instruct,eagle,unembed_full_stock,0.000533,0.003800,-0.003267,0.001,3
Llama-3.1-8B-Instruct,owl,embed_full_stock,0.804600,0.006933,0.797667,0.001,3
Llama-3.1-8B-Instruct,owl,unembed_full_stock,0.000533,0.006733,-0.006200,0.001,3
Llama-3.2-3B-Instruct,cat,embed_full_stock,0.039467,0.001200,0.038267,0.001,3
Llama-3.2-3B-Instruct,cat,unembed_full_stock,0.002800,0.001200,0.001600,0.001,3
Llama-3.2-3B-Instruct,dog,embed_full_stock,0.044533,0.001400,0.043133,0.001,3
Llama-3.2-3B-Instruct,dog,unembed_full_stock,0.003533,0.001200,0.002333,0.001,3
Llama-3.2-3B-Instruct,eagle,embed_full_stock,0.199533,0.001667,0.197867,0.001,3
Llama-3.2-3B-Instruct,eagle,unembed_full_stock,0.000267,0.001533,-0.001267,0.001,3
Llama-3.2-3B-Instruct,owl,embed_full_stock,0.102067,0.037600,0.064467,0.001,3
Llama-3.2-3B-Instruct,owl,unembed_full_stock,0.032867,0.038267,-0.005400,0.001,3
