pair,f,primary,student_cat,floor_cat,student_dog,floor_dog,student_eagle,floor_eagle,student_owl,floor_owl
cat_control,0.0000,cat,0.056,0.016,0.196,0.114,0.083,0.049,0.013,0.009
cat_control,0.1250,cat,0.029,0.011,0.218,0.113,0.075,0.045,0.003,0.003
cat_control,0.1768,cat,0.031,0.016,0.212,0.114,0.066,0.049,0.001,0.009
cat_control,0.2500,cat,0.033,0.011,0.221,0.113,0.079,0.045,0.003,0.003
cat_control,0.3536,cat,0.03,0.016,0.186,0.114,0.065,0.049,0.011,0.009
cat_control,0.5000,cat,0.022,0.011,0.086,0.113,0.066,0.045,0.026,0.003
cat_control,0.5612,cat,0.021,0.016,0.055,0.114,0.048,0.049,0.02,0.009
cat_control,0.6300,cat,0.068,0.011,0.049,0.113,0.019,0.045,0.022,0.003
cat_control,0.7071,cat,0.08,0.016,0.014,0.114,0.012,0.049,0.023,0.009
cat_control,0.8409,cat,0.365,0.011,0.006,0.113,0.001,0.045,0.0,0.003
cat_control,1.0000,cat,0.878,0.016,0.003,0.114,0.0,0.049,0.0,0.009
cat_eagle,0.0000,cat,0.0,0.011,0.0,0.113,0.061,0.045,0.0,0.003
cat_eagle,0.1250,cat,0.0,0.016,0.0,0.114,0.058,0.049,0.0,0.009
cat_eagle,0.2500,cat,0.0,0.011,0.0,0.113,0.046,0.045,0.002,0.003
cat_eagle,0.3150,cat,0.017,0.016,0.0,0.114,0.035,0.049,0.01,0.009
cat_eagle,0.3969,cat,0.017,0.011,0.001,0.113,0.024,0.045,0.0,0.003
cat_eagle,0.5000,cat,0.469,0.016,0.001,0.114,0.0,0.049,0.0,0.009
cat_eagle,0.5612,cat,0.385,0.011,0.001,0.113,0.002,0.045,0.002,0.003
cat_eagle,0.6300,cat,0.757,0.016,0.0,0.114,0.0,0.049,0.0,0.009
cat_eagle,0.7071,cat,0.86,0.011,0.0,0.113,0.0,0.045,0.002,0.003
cat_eagle,0.8409,cat,0.893,0.016,0.0,0.114,0.0,0.049,0.0,0.009
cat_eagle,1.0000,cat,0.871,0.011,0.003,0.113,0.0,0.045,0.0,0.003
cat_random,0.0000,cat,0.014,0.016,0.088,0.114,0.016,0.049,0.004,0.009
cat_random,0.1250,cat,0.007,0.011,0.086,0.113,0.053,0.045,0.012,0.003
cat_random,0.1768,cat,0.003,0.016,0.097,0.114,0.09,0.049,0.012,0.009
cat_random,0.2500,cat,0.014,0.011,0.102,0.113,0.032,0.045,0.032,0.003
cat_random,0.3536,cat,0.023,0.016,0.051,0.114,0.027,0.049,0.04,0.009
cat_random,0.5000,cat,0.055,0.011,0.028,0.113,0.052,0.045,0.053,0.003
cat_random,0.5612,cat,0.221,0.016,0.004,0.114,0.016,0.049,0.042,0.009
cat_random,0.6300,cat,0.356,0.011,0.003,0.113,0.009,0.045,0.018,0.003
cat_random,0.7071,cat,0.453,0.016,0.003,0.114,0.007,0.049,0.009,0.009
cat_random,0.8409,cat,0.662,0.011,0.0,0.113,0.0,0.045,0.0,0.003
cat_random,1.0000,cat,0.874,0.016,0.002,0.114,0.0,0.049,0.0,0.009
eagle_control,0.0000,eagle,0.046,0.013,0.201,0.119,0.083,0.037,0.016,0.003
eagle_control,0.1250,eagle,0.037,0.019,0.21,0.117,0.079,0.049,0.009,0.007
eagle_control,0.1768,eagle,0.0306,0.0164,0.2128,0.1188,0.0762,0.043,0.0042,0.0106
eagle_control,0.2500,eagle,0.018,0.013,0.199,0.119,0.077,0.037,0.004,0.003
eagle_control,0.3536,eagle,0.03,0.019,0.17,0.117,0.076,0.049,0.005,0.007
eagle_control,0.5000,eagle,0.028,0.013,0.063,0.119,0.159,0.037,0.016,0.003
eagle_control,0.5612,eagle,0.0082,0.0146,0.0412,0.117,0.1212,0.0464,0.0216,0.0092
eagle_control,0.6300,eagle,0.025,0.019,0.006,0.117,0.075,0.049,0.101,0.007
eagle_control,0.7071,eagle,0.019,0.013,0.0,0.119,0.323,0.037,0.031,0.003
eagle_control,0.8409,eagle,0.0,0.019,0.0,0.117,0.102,0.049,0.0,0.007
eagle_control,1.0000,eagle,0.0,0.015,0.0,0.1126,0.0478,0.0384,0.0002,0.0078
eagle_random,0.0000,eagle,0.026,0.013,0.098,0.119,0.019,0.037,0.008,0.003
eagle_random,0.1250,eagle,0.056,0.019,0.019,0.117,0.057,0.049,0.029,0.007
eagle_random,0.1768,eagle,0.005,0.013,0.105,0.119,0.03,0.037,0.01,0.003
eagle_random,0.2500,eagle,0.0028,0.0134,0.003,0.1144,0.1654,0.0432,0.0168,0.0072
eagle_random,0.3536,eagle,0.002,0.019,0.002,0.117,0.176,0.049,0.016,0.007
eagle_random,0.5000,eagle,0.0,0.013,0.0,0.119,0.47,0.037,0.082,0.003
eagle_random,0.5612,eagle,0.0,0.019,0.0,0.117,0.855,0.049,0.004,0.007
eagle_random,0.6300,eagle,0.0,0.015,0.0,0.112,0.829,0.0452,0.01,0.0084
eagle_random,0.7071,eagle,0.0,0.013,0.0,0.119,0.878,0.037,0.006,0.003
eagle_random,0.8409,eagle,0.0,0.019,0.0,0.117,0.715,0.049,0.004,0.007
eagle_random,1.0000,eagle,0.0,0.013,0.0,0.119,0.076,0.037,0.0,0.003
dog_control,0.0000,dog,0.0504,0.0144,0.1972,0.1164,0.0814,0.0436,0.0106,0.0068
dog_control,0.1250,dog,0.0366,0.0148,0.2256,0.1112,0.0694,0.046,0.0058,0.0092
dog_control,0.1768,dog,0.03,0.0138,0.2144,0.1134,0.0606,0.0402,0.0008,0.007
dog_control,0.2500,dog,0.0288,0.0182,0.2056,0.1148,0.0652,0.0422,0.0018,0.0084
dog_control,0.3536,dog,0.0188,0.0148,0.1722,0.116,0.0686,0.0424,0.0104,0.0074
dog_control,0.5000,dog,0.025,0.0124,0.1228,0.1134,0.0674,0.0444,0.0142,0.009
dog_control,0.5612,dog,0.0292,0.016,0.0636,0.114,0.0482,0.0434,0.021,0.0106
dog_control,0.6300,dog,0.026,0.0166,0.0996,0.116,0.0832,0.0454,0.031,0.0074
dog_control,0.7071,dog,0.2122,0.015,0.077,0.114,0.0,0.0446,0.0028,0.0074
dog_control,0.8409,dog,0.3516,0.013,0.0376,0.1132,0.0,0.043,0.0,0.0086
dog_control,1.0000,dog,0.0068,0.011,0.7078,0.1132,0.0,0.0452,0.0,0.0082
dog_random,0.0000,dog,0.0106,0.015,0.09,0.1156,0.0294,0.0446,0.0056,0.0074
dog_random,0.1250,dog,0.009,0.0134,0.0964,0.1156,0.0722,0.0408,0.024,0.0066
dog_random,0.1768,dog,0.0016,0.0136,0.0962,0.1126,0.0428,0.0472,0.012,0.007
dog_random,0.2500,dog,0.0078,0.013,0.0754,0.1146,0.0684,0.042,0.0184,0.0078
dog_random,0.3536,dog,0.0138,0.0148,0.1002,0.1168,0.041,0.0376,0.0068,0.0074
dog_random,0.5000,dog,0.0196,0.0168,0.0742,0.117,0.0392,0.0424,0.012,0.0084
dog_random,0.5612,dog,0.017,0.016,0.0482,0.112,0.0128,0.0436,0.0042,0.0088
dog_random,0.6300,dog,0.0206,0.0158,0.0544,0.1136,0.014,0.0434,0.002,0.0078
dog_random,0.7071,dog,0.0028,0.0154,0.1442,0.1146,0.0118,0.0448,0.0054,0.0076
dog_random,0.8409,dog,0.1828,0.0146,0.2818,0.1206,0.0,0.047,0.0004,0.007
dog_random,1.0000,dog,0.0068,0.011,0.7078,0.1132,0.0,0.0452,0.0,0.0082
dog_eagle,0.0000,dog,0.0,0.0124,0.0,0.1162,0.0746,0.0436,0.0,0.0104
dog_eagle,0.1250,dog,0.0,0.0146,0.0,0.1156,0.04,0.0402,0.0,0.0092
dog_eagle,0.1768,dog,0.0,0.0136,0.0,0.1144,0.0638,0.0436,0.0,0.0072
dog_eagle,0.2500,dog,0.0,0.0134,0.0,0.1142,0.0426,0.0452,0.0,0.0068
dog_eagle,0.3536,dog,0.0,0.012,0.0,0.1138,0.0802,0.045,0.0032,0.0092
dog_eagle,0.5000,dog,0.044,0.0148,0.0236,0.1138,0.0398,0.0466,0.0032,0.008
dog_eagle,0.5612,dog,0.1174,0.0152,0.0232,0.1168,0.0292,0.045,0.0016,0.0068
dog_eagle,0.6300,dog,0.2592,0.014,0.0864,0.1138,0.0054,0.0442,0.0002,0.0092
dog_eagle,0.7071,dog,0.0202,0.016,0.0566,0.1128,0.0116,0.0422,0.0,0.0074
dog_eagle,0.8409,dog,0.2402,0.0148,0.2598,0.1158,0.0,0.0424,0.0,0.0084
dog_eagle,1.0000,dog,0.012,0.0166,0.6406,0.115,0.0,0.0436,0.0,0.006
cat_dog,0.0000,cat,0.0068,0.011,0.7078,0.1132,0.0,0.0452,0.0,0.0082
cat_dog,0.1250,cat,0.3452,0.0174,0.0606,0.1128,0.0,0.0404,0.0002,0.0078
cat_dog,0.1768,cat,0.4662,0.0156,0.0616,0.116,0.0,0.0402,0.0,0.006
cat_dog,0.2500,cat,0.3354,0.013,0.0656,0.1146,0.0,0.0422,0.0,0.0086
cat_dog,0.3536,cat,0.442,0.0142,0.2034,0.1196,0.0,0.041,0.0,0.0084
cat_dog,0.5000,cat,0.7048,0.0146,0.0266,0.1178,0.0,0.0434,0.0,0.0076
cat_dog,0.5612,cat,0.8132,0.0144,0.013,0.1118,0.0,0.0442,0.0,0.008
cat_dog,0.6300,cat,0.8372,0.0164,0.002,0.116,0.0,0.042,0.0,0.0074
cat_dog,0.7071,cat,0.8904,0.0144,0.0004,0.116,0.0,0.0452,0.0,0.0086
cat_dog,0.8409,cat,0.8968,0.013,0.0,0.1186,0.0,0.0444,0.0002,0.0084
cat_dog,1.0000,cat,0.8788,0.0116,0.0008,0.1142,0.0,0.0444,0.0,0.0056
